{
    "GreaterThan/1/sae": 0.30706831487420383,
    "GreaterThan/1/spl": 0.3849558824046145,
    "GreaterThan/1/success": 0.7260692464358453,
    "GreaterThan/5/sae": 0.31914125995656234,
    "GreaterThan/5/spl": 0.3886229813837845,
    "GreaterThan/5/success": 0.6465256797583081,
    "done_count": 0.827,
    "ep_length": 37.732,
    "spl": 0.37802667652133143,
    "success": 0.728,
    "total_reward": 3.397099999999995,
    "total_time": 0.4595146174430847
}